ID,Address,City,State,Country,Lat,Long
100008,1201 S Lamar Blvd, Austin, TX 78704, USA,30.2546547,-97.76202219999999
100012,1219 S Lamar Blvd, Austin, TX 78704, USA,30.2540538,-97.76195849999999
100013,1311 S Lamar Blvd, Austin, TX 78704, USA,30.2533281,-97.76248919999999
100014,1303 S Lamar Blvd, Austin, TX 78704, USA,30.2538284,-97.7623618
100015,1509 S Lamar Blvd, Austin, TX 78704, USA,30.25193,-97.76378389999999
100018,1403 S Lamar Blvd, Austin, TX 78704, USA,30.2526556,-97.763233
100019,1401 S Lamar Blvd, Austin, TX 78704, USA,30.2529758,-97.7627651
100020,1109 S Lamar Blvd, Austin, TX 78704, USA,30.2550231,-97.7618524
100022,1105 S Lamar Blvd, Austin, TX 78704, USA,30.2552546,-97.7617251
100023,1103 S Lamar Blvd, Austin, TX 78704, USA,30.255474,-97.761486
100024,1001 S Lamar Blvd, Austin, TX 78704, USA,30.25572519999999,-97.761343
100025,1000 S 8th St, Austin, TX 78704, USA,30.255527,-97.760949
100026,1006 S 8th St, Austin, TX 78704, USA,30.2552924,-97.7610883
100027,1008 S 8th St, Austin, TX 78704, USA,30.2551555,-97.76113079999999
100028,1106 S 8th St, Austin, TX 78704, USA,30.2549587,-97.7614279
100029,1112 S 8th St, Austin, TX 78704, USA,30.2547796,-97.7614279
100030,1200 Treadwell St, Austin, TX 78704, USA,30.2561062,-97.760961
100033,1101 S 8th St, Austin, TX 78704, USA,30.25483299999999,-97.76083100000001
100036,1001 S 8th St, Austin, TX 78704, USA,30.255322,-97.760531
100037,1107 W Monroe St, Austin, TX 78704, USA,30.25184,-97.7617144
100038,1105 W Monroe St, Austin, TX 78704, USA,30.2517685,-97.7615977
100039,1103 W Monroe St, Austin, TX 78704, USA,30.251676,-97.761428
100040,1011 W Monroe St, Austin, TX 78704, USA,30.251541,-97.761156
100041,1009 W Monroe St, Austin, TX 78704, USA,30.2515325,-97.7610459
100042,1007 W Monroe St, Austin, TX 78704, USA,30.25145299999999,-97.76087609999999
100043,1005 W Monroe St, Austin, TX 78704, USA,30.251371,-97.7607487
100044,1000 W Milton St, Austin, TX 78704, USA,30.2507348,-97.7607527
100045,1002 W Milton St, Austin, TX 78704, USA,30.2509079,-97.76100339999999
100046,1010 W Milton St, Austin, TX 78704, USA,30.2511515,-97.7614279
100047,1012 W Milton St, Austin, TX 78704, USA,30.2512006,-97.7615446
100048,1014 W Milton St, Austin, TX 78704, USA,30.2512708,-97.7616826
100049,1016 W Milton St, Austin, TX 78704, USA,30.2513503,-97.7618524
100050,1018 W Milton St, Austin, TX 78704, USA,30.251385,-97.76202219999999
100051,1600 S 5th St, Austin, TX 78704, USA,30.251283,-97.760502
100052,1602 S 5th St, Austin, TX 78704, USA,30.2510806,-97.7605471
100053,1008 W Milton St, Austin, TX 78704, USA,30.2510695,-97.7613006
100054,1006 W Milton St, Austin, TX 78704, USA,30.2510348,-97.76113079999999
100055,1107 Jewell St, Austin, TX 78704, USA,30.252555,-97.76123
100056,1105 Jewell St, Austin, TX 78704, USA,30.252487,-97.76109199999999
100057,1103 Jewell St, Austin, TX 78704, USA,30.2524782,-97.760961
100058,1101 Jewell St, Austin, TX 78704, USA,30.252352,-97.7608149
100059,1011 Jewell St, Austin, TX 78704, USA,30.2523141,-97.7607063
100060,1009 Jewell St, Austin, TX 78704, USA,30.2522321,-97.7605789
100061,1007 Jewell St, Austin, TX 78704, USA,30.2521525,-97.76040909999999
100062,1005 Jewell St, Austin, TX 78704, USA,30.2521153,-97.7602818
100063,1003 Jewell St, Austin, TX 78704, USA,30.252014,-97.760125
100064,1001 Jewell St, Austin, TX 78704, USA,30.251996,-97.7600271
100065,1000 W Monroe St, Austin, TX 78704, USA,30.2516251,-97.7602393
100066,1002 W Monroe St, Austin, TX 78704, USA,30.2516624,-97.76036669999999
100067,1004 W Monroe St, Austin, TX 78704, USA,30.2517419,-97.7605365
100068,1006 W Monroe St, Austin, TX 78704, USA,30.2517791,-97.7606638
100069,1008 W Monroe St, Austin, TX 78704, USA,30.25184549999999,-97.7608654
100070,1010 W Monroe St, Austin, TX 78704, USA,30.251945,-97.76089499999999
100071,1100 W Monroe St, Austin, TX 78704, USA,30.2519804,-97.7610459
100072,1102 W Monroe St, Austin, TX 78704, USA,30.252072,-97.76115899999999
100073,1104 W Monroe St, Austin, TX 78704, USA,30.2520972,-97.761343
100074,1106 W Monroe St, Austin, TX 78704, USA,30.2521319,-97.76151279999999
100075,1400 S 6th St, Austin, TX 78704, USA,30.253305,-97.76043399999999
100076,1402 S 6th St, Austin, TX 78704, USA,30.25318699999999,-97.760508
100077,1404 S 6th St, Austin, TX 78704, USA,30.2531,-97.760564
100078,1200 S 6th St, Austin, TX 78704, USA,30.25512,-97.759878
100079,1210 S 6th St, Austin, TX 78704, USA,30.25429399999999,-97.759804
100080,1212 S 6th St, Austin, TX 78704, USA,30.2541138,-97.7598148
100081,1214 S 6th St, Austin, TX 78704, USA,30.2540167,-97.7599422
100082,1300 S 6th St, Austin, TX 78704, USA,30.2539221,-97.7600271
100083,1302 S 6th St, Austin, TX 78704, USA,30.2537852,-97.76006950000001
100084,1304 S 6th St, Austin, TX 78704, USA,30.25364579999999,-97.76015439999999
100086,1308 S 6th St, Austin, TX 78704, USA,30.253513,-97.760302
100087,1405 S 7th St, Austin, TX 78704, USA,30.24959299999999,-97.76395439999999
100088,1401 S 7th St, Austin, TX 78704, USA,30.24959299999999,-97.76395439999999
100089,1100 Jewell St, Austin, TX 78704, USA,30.2527645,-97.7606638
100091,1104 Jewell St, Austin, TX 78704, USA,30.252943,-97.76088899999999
100093,1108 Jewell St, Austin, TX 78704, USA,30.2530031,-97.7611732
100094,1101 S 7th St, Austin, TX 78704, USA,30.25566,-97.75945999999999
100095,1104 S 6th St, Austin, TX 78704, USA,30.2553792,-97.75912939999999
100096,1107 S 7th St, Austin, TX 78704, USA,30.255358,-97.7596499
100097,1105 S 7th St, Austin, TX 78704, USA,30.255509,-97.75955499999999
100098,1309 S 6th St, Austin, TX 78704, USA,30.2531757,-97.75977239999999
100099,1307 S 6th St, Austin, TX 78704, USA,30.2533524,-97.7598148
100100,1305 S 6th St, Austin, TX 78704, USA,30.2534545,-97.7596026
100101,1303 S 6th St, Austin, TX 78704, USA,30.2535864,-97.75964499999999
100102,1301 S 6th St, Austin, TX 78704, USA,30.2537208,-97.75964499999999
100104,1304 S 5th St, Austin, TX 78704, USA,30.2532507,-97.75926299999999
100105,1306 S 5th St, Austin, TX 78704, USA,30.25307829999999,-97.75933730000001
100106,1308 S 5th St, Austin, TX 78704, USA,30.2529719,-97.7594328
100107,1402 S 5th St, Austin, TX 78704, USA,30.25288,-97.759551
100108,S 5th St, Austin, TX 78704, USA,30.2452205,-97.764029
100109,1403 S 6th St, Austin, TX 78704, USA,30.2529447,-97.7600801
100110,1401 S 6th St, Austin, TX 78704, USA,30.2531209,-97.7599422
100111,1406 S 5th St, Austin, TX 78704, USA,30.25238629999999,-97.759712
100112,1002 Jewell St, Austin, TX 78704, USA,30.2523594,-97.7599422
100113,1004 Jewell St, Austin, TX 78704, USA,30.2524545,-97.7600377
100114,1006 Jewell St, Austin, TX 78704, USA,30.2525235,-97.7601969
100115,1008 Jewell St, Austin, TX 78704, USA,30.2525725,-97.76031359999999
100116,Jewell St, Austin, TX 78704, USA,30.251439,-97.7583945
100117,1003 W Gibson St, Austin, TX 78704, USA,30.2534696,-97.7593479
100118,1106 S 5th St, Austin, TX 78704, USA,30.2548733,-97.75814869999999
100119,1108 S 5th St, Austin, TX 78704, USA,30.2547444,-97.7582442
100120,1110 S 5th St, Austin, TX 78704, USA,30.254605,-97.7583291
100121,1112 S 5th St, Austin, TX 78704, USA,30.2545079,-97.7584565
100122,1114 S 5th St, Austin, TX 78704, USA,30.254371,-97.75849889999999
100123,1200 S 5th St, Austin, TX 78704, USA,30.2542714,-97.7586687
100124,1206 S 5th St, Austin, TX 78704, USA,30.2540846,-97.7587961
100125,1208 S 5th St, Austin, TX 78704, USA,30.2539186,-97.7587642
100126,1212 S 5th St, Austin, TX 78704, USA,30.2538033,-97.75900829999999
100127,1213 S 6th St, Austin, TX 78704, USA,30.2540021,-97.7594328
100128,1211 S 6th St, Austin, TX 78704, USA,30.2540967,-97.7593479
100129,1209 S 6th St, Austin, TX 78704, USA,30.2542361,-97.75926299999999
100130,1205 S 6th St, Austin, TX 78704, USA,30.2543755,-97.7591781
100131,1107 S 6th St, Austin, TX 78704, USA,30.2549805,-97.7587961
100132,1203 S 6th St, Austin, TX 78704, USA,30.2545124,-97.7591357
100133,1201 S 6th St, Austin, TX 78704, USA,30.2545952,-97.7590614
100134,1111 S 6th St, Austin, TX 78704, USA,30.254711,-97.7589977
100135,1109 S 6th St, Austin, TX 78704, USA,30.2548516,-97.7588916
100136,1105 S 6th St, Austin, TX 78704, USA,30.2550751,-97.75871120000001
100137,1103 S 6th St, Austin, TX 78704, USA,30.2552145,-97.75862629999999
100138,906 W Milton St, Austin, TX 78704, USA,30.2503951,-97.75945399999999
100139,917 Jewell St, Austin, TX 78704, USA,30.251837,-97.7596875
100140,915 Jewell St, Austin, TX 78704, USA,30.2517998,-97.7595601
100141,913 Jewell St, Austin, TX 78704, USA,30.2517177,-97.7594328
100142,911 Jewell St, Austin, TX 78704, USA,30.2516948,-97.7592524
100143,909 Jewell St, Austin, TX 78704, USA,30.2515985,-97.7591781
100144,907 Jewell St, Austin, TX 78704, USA,30.25151899999999,-97.75900829999999
100145,905 Jewell St, Austin, TX 78704, USA,30.2514817,-97.758881
100146,1500 Bouldin Ave, Austin, TX 78704, USA,30.2514047,-97.7586687
100147,1502 Bouldin Ave, Austin, TX 78704, USA,30.2513008,-97.75872179999999
100148,1504 Bouldin Ave, Austin, TX 78704, USA,30.2511732,-97.7587961
100149,1506 Bouldin Ave, Austin, TX 78704, USA,30.2510363,-97.7588385
100150,1508 Bouldin Ave, Austin, TX 78704, USA,30.2509392,-97.75896589999999
100151,904 W Monroe St, Austin, TX 78704, USA,30.25106349999999,-97.7591357
100152,906 W Monroe St, Austin, TX 78704, USA,30.251143,-97.7593054
100153,908 W Monroe St, Austin, TX 78704, USA,30.2512276,-97.75939029999999
100154,910 W Monroe St, Austin, TX 78704, USA,30.2512623,-97.7595601
100155,912 W Monroe St, Austin, TX 78704, USA,30.251357,-97.759614
100156,914 W Monroe St, Austin, TX 78704, USA,30.2513498,-97.759783
100157,916 W Monroe St, Austin, TX 78704, USA,30.2515345,-97.7598785
100158,1403 S 5th St, Austin, TX 78704, USA,30.2524918,-97.7592205
100159,915 W Elizabeth St, Austin, TX 78704, USA,30.2525809,-97.75904009999999
100160,913 W Elizabeth St, Austin, TX 78704, USA,30.2525094,-97.75892340000001
100161,911 W Elizabeth St, Austin, TX 78704, USA,30.2524722,-97.7587961
100162,1406 Bouldin Ave, Austin, TX 78704, USA,30.2518229,-97.758414
100163,900 Jewell St, Austin, TX 78704, USA,30.2516861,-97.7584565
100164,902 Jewell St, Austin, TX 78704, USA,30.2517233,-97.7585838
100165,904 Jewell St, Austin, TX 78704, USA,30.2518501,-97.75871120000001
100166,906 Jewell St, Austin, TX 78704, USA,30.2518874,-97.7588385
100167,908 Jewell St, Austin, TX 78704, USA,30.251986,-97.7588959
100168,910 Jewell St, Austin, TX 78704, USA,30.252048,-97.759025
100169,912 Jewell St, Austin, TX 78704, USA,30.2520887,-97.7592205
100170,914 Jewell St, Austin, TX 78704, USA,30.2521259,-97.7593479
100171,916 Jewell St, Austin, TX 78704, USA,30.252233,-97.75940899999999
100172,909 W Elizabeth St, Austin, TX 78704, USA,30.252321,-97.758685
100173,907 W Elizabeth St, Austin, TX 78704, USA,30.25226,-97.758557
100174,1400 Bouldin Ave, Austin, TX 78704, USA,30.2521964,-97.7581593
100175,1402 Bouldin Ave, Austin, TX 78704, USA,30.2520967,-97.7583291
100176,1404 Bouldin Ave, Austin, TX 78704, USA,30.25195179999999,-97.7583185
100177,905 W Elizabeth St, Austin, TX 78704, USA,30.2523131,-97.7584565
100178,1303 S 5th St, Austin, TX 78704, USA,30.2532902,-97.7587855
100179,1301 S 5th St, Austin, TX 78704, USA,30.2534203,-97.7586687
100180,915 W Gibson St, Austin, TX 78704, USA,30.2533383,-97.7585414
100181,913 W Gibson St, Austin, TX 78704, USA,30.2532905,-97.75840339999999
100182,911 W Gibson St, Austin, TX 78704, USA,30.2531717,-97.7583291
100183,909 W Gibson St, Austin, TX 78704, USA,30.253137,-97.7581593
100184,907 W Gibson St, Austin, TX 78704, USA,30.2530655,-97.7580426
100185,905 W Gibson St, Austin, TX 78704, USA,30.2530296,-97.757894
100186,903 W Gibson St, Austin, TX 78704, USA,30.2529911,-97.7577879
100187,901 W Gibson St, Austin, TX 78704, USA,30.2528984,-97.75765
100188,1304 Bouldin Ave, Austin, TX 78704, USA,30.2524777,-97.7579471
100189,904 W Elizabeth St, Austin, TX 78704, USA,30.2525522,-97.7582018
100190,908 W Elizabeth St, Austin, TX 78704, USA,30.2527163,-97.7584565
100191,910 W Elizabeth St, Austin, TX 78704, USA,30.2528114,-97.758552
100192,1305 S 5th St, Austin, TX 78703, USA,30.2531087,-97.75884529999999
100193,912 W Elizabeth St, Austin, TX 78704, USA,30.2527907,-97.75871120000001
100194,914 W Elizabeth St, Austin, TX 78704, USA,30.2529176,-97.7588385
100195,916 W Elizabeth St, Austin, TX 78704, USA,30.2529417,-97.7589977
100196,917 W James St, Austin, TX 78704, USA,30.254212,-97.7581593
100197,915 W James St, Austin, TX 78704, USA,30.25413,-97.758032
100198,913 W James St, Austin, TX 78704, USA,30.2540927,-97.75790470000001
100200,907 W James St, Austin, TX 78704, USA,30.2538416,-97.75760749999999
100201,905 W James St, Austin, TX 78704, USA,30.2538094,-97.7573953
100202,1200 Bouldin Ave, Austin, TX 78704, USA,30.2537772,-97.757183
100203,1202 Bouldin Ave, Austin, TX 78704, USA,30.2536378,-97.7572679
100204,900 W Gibson St, Austin, TX 78704, USA,30.2532694,-97.7574377
100205,902 W Gibson St, Austin, TX 78704, USA,30.2533066,-97.75756510000001
100206,906 W Gibson St, Austin, TX 78704, USA,30.2533886,-97.7576924
100207,908 W Gibson St, Austin, TX 78704, USA,30.2535434,-97.7579153
100208,910 W Gibson St, Austin, TX 78704, USA,30.2535899,-97.7580744
100209,912 W Gibson St, Austin, TX 78704, USA,30.2536272,-97.7582018
100210,914 W Gibson St, Austin, TX 78704, USA,30.2537092,-97.7583291
100211,916 W Gibson St, Austin, TX 78704, USA,30.2538,-97.75843739999999
100212,1104 Bouldin Ave, Austin, TX 78704, USA,30.2541979,-97.7568859
100213,1106 Bouldin Ave, Austin, TX 78704, USA,30.2541033,-97.75697079999999
100214,902 W James St, Austin, TX 78704, USA,30.2542276,-97.7571406
100215,904 W James St, Austin, TX 78704, USA,30.2542978,-97.75727859999999
100216,906 W James St, Austin, TX 78704, USA,30.2543469,-97.7573953
100217,908 W James St, Austin, TX 78704, USA,30.25438159999999,-97.75756510000001
100218,910 W James St, Austin, TX 78704, USA,30.2545109,-97.75765
100219,912 W James St, Austin, TX 78704, USA,30.2544916,-97.7577879
100220,914 W James St, Austin, TX 78704, USA,30.2545499,-97.7579365
100221,1111 W Monroe St, Austin, TX 78704, USA,30.251953,-97.761978
100222,1020 W Milton St, Austin, TX 78704, USA,30.251623,-97.76218999999999
100223,1111 Jewell St, Austin, TX 78704, USA,30.25268999999999,-97.761505
100224,1110 W Monroe St, Austin, TX 78704, USA,30.252348,-97.76172799999999
100226,2103 Kinney Ave, Austin, TX 78704, USA,30.2491222,-97.76996079999999
100228,2007 Kinney Ave, Austin, TX 78704, USA,30.2498218,-97.76949379999999
100229,1517 Hether St, Austin, TX 78704, USA,30.25028229999999,-97.7692816
100231,2024 S Lamar Blvd, Austin, TX 78704, USA,30.2492593,-97.7684725
100232,2010 S Lamar Blvd, Austin, TX 78704, USA,30.2494283,-97.76819900000001
100235,2044 S Lamar Blvd, Austin, TX 78704, USA,30.2488565,-97.7691542
100236,2050 S Lamar Blvd, Austin, TX 78704, USA,30.2488576,-97.7694136
100237,2058 S Lamar Blvd, Austin, TX 78704, USA,30.2488711,-97.7696637
100238,2068 S Lamar Blvd, Austin, TX 78704, USA,30.2486745,-97.76993279999999
100239,2032 S Lamar Blvd, Austin, TX 78704, USA,30.2493166,-97.7687615
100240,2038 S Lamar Blvd, Austin, TX 78704, USA,30.2489401,-97.7688783
100241,2032 S Lamar Blvd, Austin, TX 78704, USA,30.2493166,-97.7687615
100242,2013 Kinney Ave, Austin, TX 78704, USA,30.2494378,-97.76973799999999
100243,2009 Kinney Ave, Austin, TX 78704, USA,30.2495928,-97.76957879999999
100244,1513 Hether St, Austin, TX 78704, USA,30.250038,-97.7690587
100245,1511 Hether St, Austin, TX 78704, USA,30.2499914,-97.76889949999999
100246,2072 S Lamar Blvd, Austin, TX 78704, USA,30.2486118,-97.770258
100247,2107 Kinney Ave, Austin, TX 78704, USA,30.24849,-97.770414
100248,1811 Kinney Ave, Austin, TX 78704, USA,30.251308,-97.7686023
100249,1711 Kinney Ave, Austin, TX 78704, USA,30.2522797,-97.7678912
100250,1703 Kinney Ave, Austin, TX 78704, USA,30.2526328,-97.7674136
100251,1401 Collier St, Austin, TX 78704, USA,30.252357,-97.7667768
100255,1706 S Lamar Blvd, Austin, TX 78704, USA,30.250506,-97.76626739999999
100257,1804 S Lamar Blvd, Austin, TX 78704, USA,30.2507128,-97.76768949999999
100258,1402 Hether St, Austin, TX 78704, USA,30.2498456,-97.76758339999999
100259,1406 Hether St, Austin, TX 78704, USA,30.2501043,-97.7677532
100260,1500 Hether St, Austin, TX 78704, USA,30.2501521,-97.7678912
100261,1502 Hether St, Austin, TX 78704, USA,30.2500685,-97.7681671
100262,1504 Hether St, Austin, TX 78704, USA,30.2503005,-97.7682202
100263,1506 Hether St, Austin, TX 78704, USA,30.2502089,-97.7684431
100264,1508 Hether St, Austin, TX 78704, USA,30.2502804,-97.76855979999999
100265,1510 Hether St, Austin, TX 78704, USA,30.2503624,-97.7686872
100267,1514 Hether St, Austin, TX 78704, USA,30.250537,-97.76895250000001
100268,1516 Hether St, Austin, TX 78704, USA,30.2506532,-97.7690693
100269,1904 S Lamar Blvd, Austin, TX 78704, USA,30.2497712,-97.7673287
100270,1816 S Lamar Blvd, Austin, TX 78704, USA,30.249968,-97.7670315
100271,1708 S Lamar Blvd, Austin, TX 78704, USA,30.250642,-97.76698599999999
100272,1801 Kinney Ave, Austin, TX 78704, USA,30.251514,-97.7677744
100273,1700 S Lamar Blvd, Austin, TX 78704, USA,30.2512416,-97.76624199999999
100276,1905 Kinney Ave, Austin, TX 78704, USA,30.2509396,-97.76877209999999
100277,1903 Kinney Ave, Austin, TX 78704, USA,30.2510343,-97.7686872
100278,1901 Kinney Ave, Austin, TX 78704, USA,30.25112889999999,-97.7686023
100279,2019 S Lamar Blvd, Austin, TX 78704, USA,30.2483634,-97.7680292
100280,2005 S Lamar Blvd, Austin, TX 78704, USA,30.2487454,-97.7680079
100281,2003 S Lamar Blvd, Austin, TX 78704, USA,30.2484732,-97.76768949999999
100282,1217 W Mary St, Austin, TX 78704, USA,30.2491899,-97.7664372
100283,1215 W Mary St, Austin, TX 78704, USA,30.24909629999999,-97.76624609999999
100287,2021 S Lamar Blvd, Austin, TX 78704, USA,30.248046,-97.768627
100288,2027 S Lamar Blvd, Austin, TX 78704, USA,30.2482149,-97.76864479999999
100289,2001 S Lamar Blvd, Austin, TX 78704, USA,30.2485728,-97.7675197
100290,1341 W Mary St, Austin, TX 78704, USA,30.2486262,-97.7670491
100291,1903 S Lamar Blvd, Austin, TX 78704, USA,30.249146,-97.767748
100295,1707 S Lamar Blvd, Austin, TX 78704, USA,30.250265,-97.76580039999999
100296,1705 S Lamar Blvd, Austin, TX 78704, USA,30.2503621,-97.76567299999999
100298,1701 S Lamar Blvd, Austin, TX 78704, USA,30.2505141,-97.7653759
100299,1702 Evergreen Ave, Austin, TX 78704, USA,30.2504651,-97.7652591
100300,1706 Evergreen Ave, Austin, TX 78704, USA,30.2501888,-97.76538649999999
100301,1708 Evergreen Ave, Austin, TX 78704, USA,30.2501432,-97.7655881
100302,1710 Evergreen Ave, Austin, TX 78704, USA,30.2498333,-97.765693
100303,1800 Evergreen Ave, Austin, TX 78704, USA,30.249757,-97.76592
100304,1623 S Lamar Blvd, Austin, TX 78704, USA,30.25060879999999,-97.76529099999999
100305,1621 S Lamar Blvd, Austin, TX 78704, USA,30.2507482,-97.76520599999999
100306,1615 S Lamar Blvd, Austin, TX 78704, USA,30.2508453,-97.76507869999999
100307,1901 S Lamar Blvd, Austin, TX 78704, USA,30.2494428,-97.7669099
100308,1817 S Lamar Blvd, Austin, TX 78704, USA,30.2496026,-97.76639469999999
100309,1607 S Lamar Blvd, Austin, TX 78704, USA,30.2512424,-97.7648028
100314,1508 S Lamar Blvd, Austin, TX 78704, USA,30.2521763,-97.7650143
100315,1516 S Lamar Blvd, Austin, TX 78704, USA,30.2517659,-97.76504299999999
100316,1602 S Lamar Blvd, Austin, TX 78704, USA,30.2515071,-97.7652485
100317,1605 Kinney Ave, Austin, TX 78704, USA,30.2530334,-97.767456
100321,1430 Collier St, Austin, TX 78704, USA,30.252737,-97.7660339
100323,1603 Kinney Ave, Austin, TX 78704, USA,30.2531008,-97.767074
100327,2015 Bluebonnet Ln, Austin, TX 78704, USA,30.251354,-97.773623
100328,1911 Hether St, Austin, TX 78704, USA,30.25236679999999,-97.7733998
100329,1909 Hether St, Austin, TX 78704, USA,30.2522874,-97.77323
100330,1905 Hether St, Austin, TX 78704, USA,30.2521203,-97.7728372
100331,1903 Hether St, Austin, TX 78704, USA,30.25206069999999,-97.7727099
100332,1901 Hether St, Austin, TX 78704, USA,30.2519221,-97.7725931
100333,1811 Hether St, Austin, TX 78704, USA,30.2518519,-97.7724551
100334,1809 Hether St, Austin, TX 78704, USA,30.2518053,-97.7722959
100335,1807 Hether St, Austin, TX 78704, USA,30.2517681,-97.77216849999999
100336,2000 Goodrich Ave, Austin, TX 78704, USA,30.2516024,-97.77175460000001
100337,2004 Goodrich Ave, Austin, TX 78704, USA,30.25151899999999,-97.77193
100339,2012 Goodrich Ave, Austin, TX 78704, USA,30.2507777,-97.77225349999999
100342,2020 Goodrich Ave, Austin, TX 78704, USA,30.2503675,-97.77256129999999
100343,2022 Goodrich Ave, Austin, TX 78704, USA,30.2502598,-97.772678
100344,2007 Bluebonnet Ln, Austin, TX 78704, USA,30.2519984,-97.7735696
100347,2011 Bluebonnet Ln, Austin, TX 78704, USA,30.2518615,-97.7736121
100349,2024 Goodrich Ave, Austin, TX 78704, USA,30.2502954,-97.7732087
100353,1809 Ford St, Austin, TX 78704, USA,30.2529976,-97.77182889999999
100354,1900 Goodrich Ave, Austin, TX 78704, USA,30.2527924,-97.7709479
100355,1806 Hether St, Austin, TX 78704, USA,30.2522186,-97.7721261
100356,1810 Hether St, Austin, TX 78704, USA,30.2522887,-97.7722641
100357,1900 Hether St, Austin, TX 78704, USA,30.2523378,-97.7723808
100358,1902 Hether St, Austin, TX 78704, USA,30.2523831,-97.77256129999999
100359,1906 Hether St, Austin, TX 78704, USA,30.2524968,-97.77272049999999
100360,1908 Hether St, Austin, TX 78704, USA,30.252534,-97.7728478
100361,1910 Hether St, Austin, TX 78704, USA,30.2526135,-97.7730177
100362,1912 Hether St, Austin, TX 78704, USA,30.2526955,-97.773145
100363,1903 Bluebonnet Ln, Austin, TX 78704, USA,30.252876,-97.77295799999999
100365,1807 Bluebonnet Ln, Austin, TX 78704, USA,30.253159,-97.772724
100366,1805 Bluebonnet Ln, Austin, TX 78704, USA,30.2533478,-97.77272049999999
100367,1803 Bluebonnet Ln, Austin, TX 78704, USA,30.2534872,-97.7726356
100368,1801 Bluebonnet Ln, Austin, TX 78704, USA,30.2535818,-97.77255070000001
100369,1905 Ford St, Austin, TX 78704, USA,30.2533755,-97.77225349999999
100370,1903 Ford St, Austin, TX 78704, USA,30.25312,-97.772249
100372,1908 Goodrich Ave, Austin, TX 78704, USA,30.2522614,-97.7714043
100373,1910 Goodrich Ave, Austin, TX 78704, USA,30.25216,-97.7714149
100374,1912 Goodrich Ave, Austin, TX 78704, USA,30.25201929999999,-97.7715211
100375,1914 Goodrich Ave, Austin, TX 78704, USA,30.2519353,-97.7716166
100376,1802 Hether St, Austin, TX 78704, USA,30.25219389999999,-97.7717864
100377,1804 Hether St, Austin, TX 78704, USA,30.2521838,-97.7719563
100379,1901 Ford St, Austin, TX 78704, USA,30.2529377,-97.7720836
100381,1904 Goodrich Ave, Austin, TX 78704, USA,30.2525664,-97.7711708
100382,1904 Goodrich Ave, Austin, TX 78704, USA,30.2525664,-97.7711708
100383,1904 Goodrich Ave, Austin, TX 78704, USA,30.2525664,-97.7711708
100384,1904 Goodrich Ave, Austin, TX 78704, USA,30.2525664,-97.7711708
100385,1904 Goodrich Ave, Austin, TX 78704, USA,30.2525664,-97.7711708
100386,1904 Goodrich Ave, Austin, TX 78704, USA,30.2525664,-97.7711708
100387,1904 Goodrich Ave, Austin, TX 78704, USA,30.2525664,-97.7711708
100388,1904 Goodrich Ave, Austin, TX 78704, USA,30.2525664,-97.7711708
100389,1904 Goodrich Ave, Austin, TX 78704, USA,30.2525664,-97.7711708
100390,1904 Goodrich Ave, Austin, TX 78704, USA,30.2525664,-97.7711708
100391,1904 Goodrich Ave, Austin, TX 78704, USA,30.2525664,-97.7711708
100392,1904 Goodrich Ave, Austin, TX 78704, USA,30.2525664,-97.7711708
100393,1904 Goodrich Ave, Austin, TX 78704, USA,30.2525664,-97.7711708
100394,1904 Goodrich Ave, Austin, TX 78704, USA,30.2525664,-97.7711708
100395,1904 Goodrich Ave, Austin, TX 78704, USA,30.2525664,-97.7711708
100396,1904 Goodrich Ave, Austin, TX 78704, USA,30.2525664,-97.7711708
100397,1904 Goodrich Ave, Austin, TX 78704, USA,30.2525664,-97.7711708
100398,1904 Goodrich Ave, Austin, TX 78704, USA,30.2525664,-97.7711708
100399,1904 Goodrich Ave, Austin, TX 78704, USA,30.2525664,-97.7711708
100400,1904 Goodrich Ave, Austin, TX 78704, USA,30.2525664,-97.7711708
100401,1904 Goodrich Ave, Austin, TX 78704, USA,30.2525664,-97.7711708
100402,1904 Goodrich Ave, Austin, TX 78704, USA,30.2525664,-97.7711708
100403,1904 Goodrich Ave, Austin, TX 78704, USA,30.2525664,-97.7711708
100404,1904 Goodrich Ave, Austin, TX 78704, USA,30.2525664,-97.7711708
100406,1909 Anita Dr, Austin, TX 78704, USA,30.2543937,-97.77170149999999
100407,1907 Anita Dr, Austin, TX 78704, USA,30.2542196,-97.7716166
100408,1905 Anita Dr, Austin, TX 78704, USA,30.25418239999999,-97.77148919999999
100409,1903 Anita Dr, Austin, TX 78704, USA,30.2540556,-97.7713619
100410,1901 Anita Dr, Austin, TX 78704, USA,30.2541603,-97.7711071
100411,1811 Anita Dr, Austin, TX 78704, USA,30.2540782,-97.77097979999999
100412,1809 Anita Dr, Austin, TX 78704, USA,30.2539464,-97.7709373
100413,1807 Anita Dr, Austin, TX 78704, USA,30.25397079999999,-97.77071439999999
100414,1805 Anita Dr, Austin, TX 78704, USA,30.2538322,-97.7705977
100415,1803 Anita Dr, Austin, TX 78704, USA,30.2538423,-97.7704279
100416,1801 Anita Dr, Austin, TX 78704, USA,30.2537603,-97.77030049999999
100418,1810 Ford St, Austin, TX 78704, USA,30.2534235,-97.7714468
100419,1812 Ford St, Austin, TX 78704, USA,30.2535055,-97.77157419999999
100420,1900 Ford St, Austin, TX 78704, USA,30.2535427,-97.77170149999999
100421,1709 Bluebonnet Ln, Austin, TX 78704, USA,30.2543735,-97.77204119999999
100422,1701 Bluebonnet Ln, Austin, TX 78704, USA,30.2544309,-97.77182889999999
100423,1902 Ford St, Austin, TX 78704, USA,30.2536695,-97.77182889999999
100424,1904 Ford St, Austin, TX 78704, USA,30.2537913,-97.77204119999999
100425,1719 Bluebonnet Ln, Austin, TX 78704, USA,30.2538234,-97.77225349999999
100427,1715 Bluebonnet Ln, Austin, TX 78704, USA,30.254142,-97.77216849999999
100428,1713 Bluebonnet Ln, Austin, TX 78704, USA,30.2541944,-97.77204119999999
100429,1706 Goodrich Ave, Austin, TX 78704, USA,30.25354,-97.77064299999999
100431,1708 Goodrich Ave, Austin, TX 78704, USA,30.2533793,-97.7706826
100433,1710 Goodrich Ave, Austin, TX 78704, USA,30.2532424,-97.770725
100434,1712 Goodrich Ave, Austin, TX 78704, USA,30.2531004,-97.7708524
100435,1804 Ford St, Austin, TX 78704, USA,30.2532695,-97.77102219999999
100436,1806 Ford St, Austin, TX 78704, USA,30.2533515,-97.7711496
100437,1913 Collier St, Austin, TX 78704, USA,30.2553942,-97.7714468
100438,1911 Collier St, Austin, TX 78704, USA,30.2553595,-97.771277
100439,1909 Collier St, Austin, TX 78704, USA,30.2552775,-97.7711496
100440,1907 Collier St, Austin, TX 78704, USA,30.255231,-97.7709904
100441,1905 Collier St, Austin, TX 78704, USA,30.2551608,-97.7708524
100442,1903 Collier St, Austin, TX 78704, USA,30.255034,-97.770725
100443,1901 Collier St, Austin, TX 78704, USA,30.255031,-97.7705871
100444,1815 Collier St, Austin, TX 78704, USA,30.254962,-97.7704279
100445,1813 Collier St, Austin, TX 78704, USA,30.2548906,-97.7703111
100446,1811 Collier St, Austin, TX 78704, USA,30.2548073,-97.77020499999999
100447,1809 Collier St, Austin, TX 78704, USA,30.254678,-97.7701201
100448,1807 Collier St, Austin, TX 78704, USA,30.2545841,-97.7700033
100449,1805 Collier St, Austin, TX 78704, USA,30.2544996,-97.7699184
100450,1600 Garner Ave, Austin, TX 78704, USA,30.254328,-97.769791
100451,1602 Garner Ave, Austin, TX 78704, USA,30.2542309,-97.7699184
100452,1604 Garner Ave, Austin, TX 78704, USA,30.2541244,-97.7700139
100453,1802 Anita Dr, Austin, TX 78704, USA,30.25422799999999,-97.770203
100454,1804 Anita Dr, Austin, TX 78704, USA,30.25429519999999,-97.77034289999999
100455,1806 Anita Dr, Austin, TX 78704, USA,30.2543325,-97.77047030000001
100456,1808 Anita Dr, Austin, TX 78704, USA,30.2543672,-97.7706401
100457,1810 Anita Dr, Austin, TX 78704, USA,30.2544492,-97.77076749999999
100458,1900 Anita Dr, Austin, TX 78704, USA,30.25452869999999,-97.7709373
100459,1902 Anita Dr, Austin, TX 78704, USA,30.2545659,-97.7710647
100460,1904 Anita Dr, Austin, TX 78704, USA,30.2546479,-97.7711921
100461,1906 Anita Dr, Austin, TX 78704, USA,30.2547405,-97.77132999999999
100462,1908 Anita Dr, Austin, TX 78704, USA,30.2547671,-97.7714468
100463,1910 Anita Dr, Austin, TX 78704, USA,30.2548361,-97.77160599999999
100464,1912 Anita Dr, Austin, TX 78704, USA,30.255,-97.771709
100465,1506 Garner Ave, Austin, TX 78704, USA,30.2547322,-97.76920729999999
100466,1510 Garner Ave, Austin, TX 78704, USA,30.2544825,-97.7694514
100467,1802 Collier St, Austin, TX 78704, USA,30.2547015,-97.7695363
100468,2015 Goodrich Ave, Austin, TX 78704, USA,30.2503399,-97.7720836
100469,2013 Goodrich Ave, Austin, TX 78704, USA,30.250437,-97.7719563
100470,2011 Goodrich Ave, Austin, TX 78704, USA,30.250587,-97.771882
100471,2009 Goodrich Ave, Austin, TX 78704, USA,30.2507053,-97.7717758
100472,1717 Valeria St, Austin, TX 78704, USA,30.2508447,-97.7716909
100473,1715 Valeria St, Austin, TX 78704, USA,30.2506887,-97.77148919999999
100474,1711 Valeria St, Austin, TX 78704, USA,30.2504547,-97.7716591
100475,1709 Valeria St, Austin, TX 78704, USA,30.2501809,-97.771744
100476,2100 Oxford Ave, Austin, TX 78704, USA,30.2497184,-97.77123449999999
100477,2104 Oxford Ave, Austin, TX 78704, USA,30.2493847,-97.77157419999999
100478,1705 Valeria St, Austin, TX 78704, USA,30.2498326,-97.77157419999999
100479,1707 Valeria St, Austin, TX 78704, USA,30.2499383,-97.77168030000001
100480,2019 Goodrich Ave, Austin, TX 78704, USA,30.2500188,-97.772211
100481,2017 Goodrich Ave, Austin, TX 78704, USA,30.2501582,-97.7721261
100482,2102 Oxford Ave, Austin, TX 78704, USA,30.2495367,-97.771277
100484,2001 Goodrich Ave, Austin, TX 78704, USA,30.2514197,-97.7714362
100485,1713 Hether St, Austin, TX 78704, USA,30.2513259,-97.77131940000001
100486,1711 Hether St, Austin, TX 78704, USA,30.2512438,-97.7711921
100487,1709 Hether St, Austin, TX 78704, USA,30.251179,-97.771018
100488,1707 Hether St, Austin, TX 78704, USA,30.2511246,-97.7709373
100489,1705 Hether St, Austin, TX 78704, USA,30.2510426,-97.77081
100490,2000 Oxford Ave, Austin, TX 78704, USA,30.250968,-97.77047499999999
100491,2002 Oxford Ave, Austin, TX 78704, USA,30.25080329999999,-97.7705022
100492,2004 Oxford Ave, Austin, TX 78704, USA,30.2506402,-97.77060829999999
100493,2006 Oxford Ave, Austin, TX 78704, USA,30.2504653,-97.770725
100494,2010 Oxford Ave, Austin, TX 78704, USA,30.2503259,-97.77081
100495,2012 Oxford Ave, Austin, TX 78704, USA,30.250304,-97.7709904
100496,2016 Oxford Ave, Austin, TX 78704, USA,30.2499998,-97.77102219999999
100498,1708 Valeria St, Austin, TX 78704, USA,30.2503007,-97.77123449999999
100500,1710 Valeria St, Austin, TX 78704, USA,30.2504967,-97.77113899999999
100501,1712 Valeria St, Austin, TX 78704, USA,30.2506691,-97.7710647
100502,1714 Valeria St, Austin, TX 78704, USA,30.2508508,-97.77102219999999
100503,1716 Valeria St, Austin, TX 78704, USA,30.2510174,-97.77123449999999
100504,1718 Valeria St, Austin, TX 78704, USA,30.2511391,-97.7714468
100505,2014 Oxford Ave, Austin, TX 78704, USA,30.2500919,-97.77097979999999
100506,1713 Bauerle Ave, Austin, TX 78704, USA,30.2521548,-97.7709373
100507,1711 Bauerle Ave, Austin, TX 78704, USA,30.2520728,-97.77081
100508,1709 Bauerle Ave, Austin, TX 78704, USA,30.2519908,-97.7706826
100509,1707 Bauerle Ave, Austin, TX 78704, USA,30.251956,-97.77051279999999
100510,1705 Bauerle Ave, Austin, TX 78704, USA,30.2518622,-97.77039599999999
100511,1705 Bauerle Ave, Austin, TX 78704, USA,30.2518622,-97.77039599999999
100512,1701 Bauerle Ave, Austin, TX 78704, USA,30.2517125,-97.77008819999999
100513,1613 Bauerle Ave, Austin, TX 78704, USA,30.251628,-97.7700033
100514,1611 Bauerle Ave, Austin, TX 78704, USA,30.2515983,-97.7697486
100515,1609 Bauerle Ave, Austin, TX 78704, USA,30.2515138,-97.7696637
100516,1607 Bauerle Ave, Austin, TX 78704, USA,30.2514318,-97.7695363
100517,1605 Bauerle Ave, Austin, TX 78704, USA,30.2513497,-97.7694089
100518,1603 Bauerle Ave, Austin, TX 78704, USA,30.2513175,-97.7691967
100519,1601 Bauerle Ave, Austin, TX 78704, USA,30.2512803,-97.7690693
100520,1906 Kinney Ave, Austin, TX 78704, USA,30.2510294,-97.7693346
100521,1908 Kinney Ave, Austin, TX 78704, USA,30.2509043,-97.76936649999999
100522,1910 Kinney Ave, Austin, TX 78704, USA,30.2508122,-97.7694089
100523,1604 Hether St, Austin, TX 78704, USA,30.2510122,-97.76968819999999
100524,1606 Hether St, Austin, TX 78704, USA,30.2511479,-97.769791
100525,1608 Hether St, Austin, TX 78704, USA,30.2511378,-97.76996079999999
100526,1610 Hether St, Austin, TX 78704, USA,30.2511725,-97.7701307
100527,1612 Hether St, Austin, TX 78704, USA,30.2514045,-97.77018369999999
100528,1614 Hether St, Austin, TX 78704, USA,30.2514641,-97.7703111
100530,1706 Hether St, Austin, TX 78704, USA,30.251485,-97.77071439999999
100531,1708 Hether St, Austin, TX 78704, USA,30.2516198,-97.7708949
100532,1710 Hether St, Austin, TX 78704, USA,30.2516545,-97.7710647
100533,1905 Goodrich Ave, Austin, TX 78704, USA,30.2517391,-97.7711496
100534,1715 Nash Ave, Austin, TX 78704, USA,30.2528886,-97.77045969999999
100535,1711 Nash Ave, Austin, TX 78704, USA,30.2527351,-97.7702156
100536,1709 Nash Ave, Austin, TX 78704, USA,30.2526899,-97.77003510000002
100537,1707 Nash Ave, Austin, TX 78704, USA,30.2526514,-97.76992899999999
100538,1703 Nash Ave, Austin, TX 78704, USA,30.2525364,-97.769791
100539,1701 Nash Ave, Austin, TX 78704, USA,30.2524675,-97.7696318
100540,1615 Nash Ave, Austin, TX 78704, USA,30.2524197,-97.76949379999999
100541,1613 Nash Ave, Austin, TX 78704, USA,30.2523377,-97.76936649999999
100542,1609 Nash Ave, Austin, TX 78704, USA,30.2523004,-97.7692391
100543,1605 Nash Ave, Austin, TX 78704, USA,30.2522501,-97.7689857
100545,1800 Kinney Ave, Austin, TX 78704, USA,30.252067,-97.76864479999999
100546,1802 Kinney Ave, Austin, TX 78704, USA,30.2519276,-97.7687297
100547,1600 Bauerle Ave, Austin, TX 78704, USA,30.2516538,-97.7688146
100548,1602 Bauerle Ave, Austin, TX 78704, USA,30.25169099999999,-97.7689419
100549,1604 Bauerle Ave, Austin, TX 78704, USA,30.2517705,-97.76911179999999
100550,1606 Bauerle Ave, Austin, TX 78704, USA,30.2518525,-97.7692391
100551,1608 Bauerle Ave, Austin, TX 78704, USA,30.251932,-97.7694089
100552,1610 Bauerle Ave, Austin, TX 78704, USA,30.2519692,-97.7695363
100553,1612 Bauerle Ave, Austin, TX 78704, USA,30.2520487,-97.7697061
100554,1700 Bauerle Ave, Austin, TX 78704, USA,30.252086,-97.76983349999999
100555,1702 Bauerle Ave, Austin, TX 78704, USA,30.2521655,-97.7700033
100556,1704 Bauerle Ave, Austin, TX 78704, USA,30.25226,-97.770111
100557,1706 Bauerle Ave, Austin, TX 78704, USA,30.2523295,-97.770258
100558,1708 Bauerle Ave, Austin, TX 78704, USA,30.252409,-97.7704279
100559,1710 Bauerle Ave, Austin, TX 78704, USA,30.2524107,-97.7705871
100560,1712 Bauerle Ave, Austin, TX 78704, USA,30.252494,-97.7706932
100561,1713 Nash Ave, Austin, TX 78704, USA,30.2528172,-97.77034289999999
100562,1703 Garner Ave, Austin, TX 78704, USA,30.2534762,-97.76999269999999
100563,1701 Garner Ave, Austin, TX 78704, USA,30.2535615,-97.7698759
100564,1607 Garner Ave, Austin, TX 78704, USA,30.2537009,-97.769791
100565,1713 Collier St, Austin, TX 78704, USA,30.2538404,-97.7697061
100567,1709 Collier St, Austin, TX 78704, USA,30.2536814,-97.76936649999999
100568,1707 Collier St, Austin, TX 78704, USA,30.253552,-97.7692816
100569,1705 Collier St, Austin, TX 78704, USA,30.2534725,-97.76911179999999
100570,1703 Collier St, Austin, TX 78704, USA,30.2533432,-97.7690268
100572,1611 Collier St, Austin, TX 78704, USA,30.2531792,-97.76877209999999
100573,1609 Collier St, Austin, TX 78704, USA,30.2531445,-97.7686023
100574,1607 Collier St, Austin, TX 78704, USA,30.252923,-97.76855979999999
100576,1702 Kinney Ave, Austin, TX 78704, USA,30.2528587,-97.7681353
100577,1704 Kinney Ave, Austin, TX 78704, USA,30.2526719,-97.7682627
100578,1706 Kinney Ave, Austin, TX 78704, USA,30.2525325,-97.7683476
100579,1614 Nash Ave, Austin, TX 78704, USA,30.2527713,-97.7690793
100580,1606 Nash Ave, Austin, TX 78704, USA,30.2525571,-97.7686872
100586,1511 Garner Ave, Austin, TX 78704, USA,30.2542441,-97.7689419
100587,1509 Garner Ave, Austin, TX 78704, USA,30.2543835,-97.768857
100588,1507 Garner Ave, Austin, TX 78704, USA,30.2545204,-97.7688146
100589,1506 Oxford Ave, Austin, TX 78704, USA,30.2542768,-97.76839
100590,1508 Oxford Ave, Austin, TX 78704, USA,30.2542126,-97.76852799999999
100591,1510 Oxford Ave, Austin, TX 78704, USA,30.2540453,-97.7685174
100592,1512 Oxford Ave, Austin, TX 78704, USA,30.2539059,-97.7686023
100593,1700 Collier St, Austin, TX 78704, USA,30.2536794,-97.76864479999999
100594,1702 Collier St, Austin, TX 78704, USA,30.2538012,-97.768857
100595,1704 Collier St, Austin, TX 78704, USA,30.2539305,-97.7689419
100596,1706 Collier St, Austin, TX 78704, USA,30.25401249999999,-97.7690693
100597,1708 Collier St, Austin, TX 78704, USA,30.2541841,-97.7691967
100598,2107 Oxford Ave, Austin, TX 78704, USA,30.2491462,-97.7710647
100599,2105 Oxford Ave, Austin, TX 78704, USA,30.2492408,-97.77097979999999
100600,2103 Oxford Ave, Austin, TX 78704, USA,30.2493828,-97.7708524
100602,2100 Kinney Ave, Austin, TX 78704, USA,30.2493657,-97.7703854
100603,2106 Kinney Ave, Austin, TX 78704, USA,30.2490763,-97.7705446
100605,2104 Kinney Ave, Austin, TX 78704, USA,30.2492288,-97.7704279
100606,2017 Oxford Ave, Austin, TX 78704, USA,30.249801,-97.7705977
100607,2015 Oxford Ave, Austin, TX 78704, USA,30.2498957,-97.77051279999999
100608,2013 Oxford Ave, Austin, TX 78704, USA,30.2500351,-97.7704279
100609,2011 Oxford Ave, Austin, TX 78704, USA,30.250172,-97.7703854
100610,2007 Oxford Ave, Austin, TX 78704, USA,30.2503612,-97.7702156
100612,1603 Hether St, Austin, TX 78704, USA,30.2506476,-97.7699184
100613,2000 Kinney Ave, Austin, TX 78704, USA,30.250537,-97.76964799999999
100615,2004 Kinney Ave, Austin, TX 78704, USA,30.2502047,-97.76983349999999
100616,2006 Kinney Ave, Austin, TX 78704, USA,30.250078,-97.769942
100617,2008 Kinney Ave, Austin, TX 78704, USA,30.2499284,-97.76996079999999
100618,2010 Kinney Ave, Austin, TX 78704, USA,30.249789,-97.77004579999999
100619,2012 Kinney Ave, Austin, TX 78704, USA,30.2496944,-97.7701307
100620,2016 Kinney Ave, Austin, TX 78704, USA,30.249637,-97.77034289999999
100622,1515 Oxford Ave, Austin, TX 78704, USA,30.2535703,-97.7682202
100623,1513 Oxford Ave, Austin, TX 78704, USA,30.2537072,-97.76817779999999
100624,1511 Oxford Ave, Austin, TX 78704, USA,30.2538466,-97.7680929
100625,1509 Oxford Ave, Austin, TX 78704, USA,30.2539518,-97.76801859999999
100626,1507 Oxford Ave, Austin, TX 78704, USA,30.2540781,-97.7679655
100627,1506 Kinney Ave, Austin, TX 78704, USA,30.2538396,-97.767456
100628,1508 Kinney Ave, Austin, TX 78704, USA,30.2537331,-97.7675516
100629,1510 Kinney Ave, Austin, TX 78704, USA,30.2536478,-97.7676683
100630,1512 Kinney Ave, Austin, TX 78704, USA,30.253519,-97.76776380000001
100631,1514 Kinney Ave, Austin, TX 78704, USA,30.2533715,-97.7677957
100632,1516 Kinney Ave, Austin, TX 78704, USA,30.25318729999999,-97.7678806
100634,2300 Rae Dell Ave, Austin, TX 78704, USA,30.2502957,-97.7803631
100635,2302 Rae Dell Ave, Austin, TX 78704, USA,30.2500693,-97.7804056
100636,2302 Arpdale St, Austin, TX 78704, USA,30.2499172,-97.7807028
100637,2207 De Verne St, Austin, TX 78704, USA,30.2500049,-97.7799809
100638,2205 De Verne St, Austin, TX 78704, USA,30.249928,-97.7797686
100639,2203 De Verne St, Austin, TX 78704, USA,30.2498062,-97.7795563
100640,2201 De Verne St, Austin, TX 78704, USA,30.2497267,-97.7793865
100641,2200 Arpdale St, Austin, TX 78704, USA,30.2494479,-97.7795563
100642,2202 Arpdale St, Austin, TX 78704, USA,30.2495722,-97.7797262
100643,2204 Arpdale St, Austin, TX 78704, USA,30.2496069,-97.779896
100644,2206 Arpdale St, Austin, TX 78704, USA,30.2497286,-97.7801083
100645,2207 Rabb Glen St, Austin, TX 78704, USA,30.2505558,-97.77956689999999
100646,2205 Rabb Glen St, Austin, TX 78704, USA,30.2504907,-97.779344
100647,2203 Rabb Glen St, Austin, TX 78704, USA,30.2503901,-97.779153
100649,2202 Paramount Ave, Austin, TX 78704, USA,30.250322,-97.778966
100651,2200 De Verne St, Austin, TX 78704, USA,30.2500411,-97.7791848
100652,2202 De Verne St, Austin, TX 78704, USA,30.2501324,-97.779344
100653,2204 De Verne St, Austin, TX 78704, USA,30.2502541,-97.7795563
100654,2207 Rae Dell Ave, Austin, TX 78704, USA,30.2503336,-97.7797262
100655,2102 Rabb Glen St, Austin, TX 78704, USA,30.2502258,-97.777773
100656,2104 Rabb Glen St, Austin, TX 78704, USA,30.2503475,-97.7779853
100657,2106 Rabb Glen St, Austin, TX 78704, USA,30.2503704,-97.7781658
100658,2117 Paramount Ave, Austin, TX 78704, USA,30.2504617,-97.778325
100659,2115 Paramount Ave, Austin, TX 78704, USA,30.250656,-97.77807020000002
100660,2113 Paramount Ave, Austin, TX 78704, USA,30.2508296,-97.7779747
100661,2111 Paramount Ave, Austin, TX 78704, USA,30.2510743,-97.7778155
100662,2109 Paramount Ave, Austin, TX 78704, USA,30.2512585,-97.77773049999999
100663,2107 Paramount Ave, Austin, TX 78704, USA,30.2514477,-97.7775607
100664,2105 Paramount Ave, Austin, TX 78704, USA,30.2516792,-97.7774333
100665,2103 Paramount Ave, Austin, TX 78704, USA,30.2519108,-97.7773059
100666,2101 Paramount Ave, Austin, TX 78704, USA,30.2521186,-97.77719979999999
100667,2009 Paramount Ave, Austin, TX 78704, USA,30.2522445,-97.77696630000001
100668,2007 Paramount Ave, Austin, TX 78704, USA,30.2525208,-97.77683890000002
100669,2005 Paramount Ave, Austin, TX 78704, USA,30.2526602,-97.776754
100670,2003 Paramount Ave, Austin, TX 78704, USA,30.2528545,-97.77649919999999
100671,2001 Paramount Ave, Austin, TX 78704, USA,30.2529939,-97.7764143
100672,2000 Ann Arbor Ave, Austin, TX 78704, USA,30.2528299,-97.7761596
100673,2002 Ann Arbor Ave, Austin, TX 78704, USA,30.2526575,-97.7762339
100674,2004 Ann Arbor Ave, Austin, TX 78704, USA,30.252459,-97.77637179999999
100675,2006 Ann Arbor Ave, Austin, TX 78704, USA,30.2523196,-97.77645679999999
100676,2008 Ann Arbor Ave, Austin, TX 78704, USA,30.25214889999999,-97.7766903
100677,2100 Ann Arbor Ave, Austin, TX 78704, USA,30.2519753,-97.7767858
100678,2102 Ann Arbor Ave, Austin, TX 78704, USA,30.2518414,-97.77696630000001
100679,2104 Ann Arbor Ave, Austin, TX 78704, USA,30.2515752,-97.77692379999999
100680,2106 Ann Arbor Ave, Austin, TX 78704, USA,30.2514282,-97.77713609999999
100681,2108 Ann Arbor Ave, Austin, TX 78704, USA,30.2512473,-97.7772478
100682,2110 Ann Arbor Ave, Austin, TX 78704, USA,30.2510572,-97.7773484
100683,2112 Ann Arbor Ave, Austin, TX 78704, USA,30.25087049999999,-97.7774758
100684,2114 Ann Arbor Ave, Austin, TX 78704, USA,30.2506863,-97.7775607
100686,2116 Ann Arbor Ave, Austin, TX 78704, USA,30.2504682,-97.7776256
100688,2118 Ann Arbor Ave, Austin, TX 78704, USA,30.2501453,-97.7775812
100689,2111 De Verne St, Austin, TX 78704, USA,30.2495018,-97.779134
100690,2109 De Verne St, Austin, TX 78704, USA,30.24941889999999,-97.778897
100691,2107 De Verne St, Austin, TX 78704, USA,30.2493665,-97.7786647
100692,2105 De Verne St, Austin, TX 78704, USA,30.24932,-97.77850540000001
100693,2103 De Verne St, Austin, TX 78704, USA,30.2492523,-97.778325
100694,2101 De Verne St, Austin, TX 78704, USA,30.2490833,-97.77815509999999
100695,2100 Arpdale St, Austin, TX 78704, USA,30.248861,-97.7783144
100696,2102 Arpdale St, Austin, TX 78704, USA,30.2489735,-97.77849479999999
100697,2104 Arpdale St, Austin, TX 78704, USA,30.2490555,-97.7786222
100698,2106 Arpdale St, Austin, TX 78704, USA,30.2490902,-97.778792
100699,2108 Arpdale St, Austin, TX 78704, USA,30.2491777,-97.779015
100700,2110 Arpdale St, Austin, TX 78704, USA,30.2492466,-97.7791742
100701,2111 Rabb Glen St, Austin, TX 78704, USA,30.250163,-97.778633
100702,2109 Rabb Glen St, Austin, TX 78704, USA,30.2500907,-97.7785373
100703,2107 Rabb Glen St, Austin, TX 78704, USA,30.2500138,-97.778325
100704,2105 Rabb Glen St, Austin, TX 78704, USA,30.249892,-97.7781127
100705,2103 Rabb Glen St, Austin, TX 78704, USA,30.2498151,-97.7779004
100707,2101 Rabb Glen St, Austin, TX 78704, USA,30.2498324,-97.7774855
100708,2102 De Verne St, Austin, TX 78704, USA,30.2495362,-97.77807020000002
100709,2104 De Verne St, Austin, TX 78704, USA,30.249658,-97.77828249999999
100710,2106 De Verne St, Austin, TX 78704, USA,30.2497349,-97.77849479999999
100711,2108 De Verne St, Austin, TX 78704, USA,30.249817,-97.7786222
100712,2110 De Verne St, Austin, TX 78704, USA,30.24989639999999,-97.778792
100713,2015 De Verne St, Austin, TX 78704, USA,30.2489822,-97.77778359999999
100714,2013 De Verne St, Austin, TX 78704, USA,30.2488921,-97.7776032
100715,2011 De Verne St, Austin, TX 78704, USA,30.2488101,-97.7774758
100716,2009 De Verne St, Austin, TX 78704, USA,30.2487331,-97.77726349999999
100717,2007 De Verne St, Austin, TX 78704, USA,30.2486418,-97.77710429999999
100718,2005 De Verne St, Austin, TX 78704, USA,30.2485319,-97.7768814
100719,2003 De Verne St, Austin, TX 78704, USA,30.2484524,-97.7767115
100720,2300 Bluebonnet Ln, Austin, TX 78704, USA,30.2483678,-97.77650849999999
100721,2000 Arpdale St, Austin, TX 78704, USA,30.2480941,-97.7767115
100722,2002 Arpdale St, Austin, TX 78704, USA,30.2481736,-97.7768814
100723,2004 Arpdale St, Austin, TX 78704, USA,30.2482556,-97.7770087
100724,2006 Arpdale St, Austin, TX 78704, USA,30.2483351,-97.7771786
100725,2008 Arpdale St, Austin, TX 78704, USA,30.2484146,-97.7773484
100726,2010 Arpdale St, Austin, TX 78704, USA,30.2484941,-97.77751819999999
100727,2012 Arpdale St, Austin, TX 78704, USA,30.248571,-97.77773049999999
100730,2013 Rabb Glen St, Austin, TX 78704, USA,30.2494498,-97.77726349999999
100731,2011 Rabb Glen St, Austin, TX 78704, USA,30.2494151,-97.7770936
100732,2009 Rabb Glen St, Austin, TX 78704, USA,30.2493356,-97.77692379999999
100733,2007 Rabb Glen St, Austin, TX 78704, USA,30.2492587,-97.7767115
100734,2005 Rabb Glen St, Austin, TX 78704, USA,30.2491344,-97.7765417
100735,2003 Rabb Glen St, Austin, TX 78704, USA,30.2490997,-97.77637179999999
100736,2200 Bluebonnet Ln, Austin, TX 78704, USA,30.2489804,-97.7761171
100737,2204 Bluebonnet Ln, Austin, TX 78704, USA,30.2487439,-97.7763294
100738,2002 De Verne St, Austin, TX 78704, USA,30.2487891,-97.77650980000001
100739,2004 De Verne St, Austin, TX 78704, USA,30.2488674,-97.7767009
100740,2006 De Verne St, Austin, TX 78704, USA,30.2488446,-97.7768973
100741,2008 De Verne St, Austin, TX 78704, USA,30.2490568,-97.7770936
100742,2010 De Verne St, Austin, TX 78704, USA,30.2491811,-97.77726349999999
100743,2012 De Verne St, Austin, TX 78704, USA,30.2492158,-97.7774333
100744,2014 De Verne St, Austin, TX 78704, USA,30.24934,-97.7776032
100745,2100 Paramount Ave, Austin, TX 78704, USA,30.2524255,-97.77768809999999
100746,2102 Paramount Ave, Austin, TX 78704, USA,30.25215099999999,-97.777875
100747,2104 Paramount Ave, Austin, TX 78704, USA,30.2519574,-97.77802779999999
100748,2106 Paramount Ave, Austin, TX 78704, USA,30.25171409999999,-97.7781658
100749,2108 Paramount Ave, Austin, TX 78704, USA,30.2515155,-97.7783037
100750,2110 Paramount Ave, Austin, TX 78704, USA,30.2513051,-97.77845239999999
100751,2112 Paramount Ave, Austin, TX 78704, USA,30.2511209,-97.7785373
100752,2114 Paramount Ave, Austin, TX 78704, USA,30.2509342,-97.7786647
100753,2116 Paramount Ave, Austin, TX 78704, USA,30.2507027,-97.778792
100754,2202 Rabb Glen St, Austin, TX 78704, USA,30.2508219,-97.77904679999999
100756,2121 Rabb Rd, Austin, TX 78704, USA,30.2509834,-97.779344
100758,2119 Rabb Rd, Austin, TX 78704, USA,30.2511676,-97.77925909999999
100759,2117 Rabb Rd, Austin, TX 78704, USA,30.2514042,-97.77904679999999
100761,2115 Rabb Rd, Austin, TX 78704, USA,30.25154359999999,-97.77896190000001
100762,2113 Rabb Rd, Austin, TX 78704, USA,30.251601,-97.7787496
100764,2111 Rabb Rd, Austin, TX 78704, USA,30.25180079999999,-97.7785904
100766,2109 Rabb Rd, Austin, TX 78704, USA,30.252056,-97.7784417
100767,2105 Rabb Rd, Austin, TX 78704, USA,30.2524249,-97.77845239999999
100769,2107 Rabb Rd, Austin, TX 78704, USA,30.2522352,-97.7784417
100771,2003 Rabb Rd, Austin, TX 78704, USA,30.2531769,-97.7778579
100772,1904 Paramount Ave, Austin, TX 78704, USA,30.2538374,-97.7765417
100774,2000 Paramount Ave, Austin, TX 78704, USA,30.2532721,-97.7770087
100775,2002 Paramount Ave, Austin, TX 78704, USA,30.25303809999999,-97.7771786
100777,2001 Rabb Rd, Austin, TX 78704, USA,30.2533792,-97.7776562
100778,1913 Rabb Rd, Austin, TX 78704, USA,30.2535554,-97.77751819999999
100779,1911 Rabb Rd, Austin, TX 78704, USA,30.2536923,-97.7774758
100784,2111 Ann Arbor Ave, Austin, TX 78704, USA,30.2505847,-97.7770087
100785,2124 Bluebonnet Ln, Austin, TX 78704, USA,30.249904,-97.77565
100786,2132 Bluebonnet Ln, Austin, TX 78704, USA,30.2493911,-97.7759897
100787,2005 Meadowridge Dr, Austin, TX 78704, USA,30.250058,-97.7760746
100788,2007 Meadowridge Dr, Austin, TX 78704, USA,30.2501747,-97.77637179999999
100790,2009 Meadowridge Dr, Austin, TX 78704, USA,30.25028409999999,-97.7766096
100793,2004 Rabb Glen St, Austin, TX 78704, USA,30.2496742,-97.77629240000002
100794,2006 Rabb Glen St, Austin, TX 78704, USA,30.2496402,-97.77650980000001
100795,2008 Rabb Glen St, Austin, TX 78704, USA,30.2496643,-97.77666909999999
100797,2109 Ann Arbor Ave, Austin, TX 78704, USA,30.2509084,-97.77683890000002
100798,2107 Ann Arbor Ave, Austin, TX 78704, USA,30.2510951,-97.7767115
100799,2105 Ann Arbor Ave, Austin, TX 78704, USA,30.25128429999999,-97.7765417
100800,2013 Holland Ave, Austin, TX 78704, USA,30.2511601,-97.77637179999999
100801,2011 Holland Ave, Austin, TX 78704, USA,30.2510383,-97.7761596
100802,2009 Holland Ave, Austin, TX 78704, USA,30.2509191,-97.77590479999999
100803,2007 Holland Ave, Austin, TX 78704, USA,30.2508844,-97.77573500000001
100804,2005 Holland Ave, Austin, TX 78704, USA,30.2507153,-97.7755651
100805,2003 Holland Ave, Austin, TX 78704, USA,30.2506409,-97.7753104
100806,2001 Holland Ave, Austin, TX 78704, USA,30.25053,-97.77511
100807,2110 Bluebonnet Ln, Austin, TX 78704, USA,30.250238,-97.775325
100808,2002 Meadowridge Dr, Austin, TX 78704, USA,30.2503147,-97.7755227
100809,2004 Meadowridge Dr, Austin, TX 78704, USA,30.250439,-97.77569249999999
100811,2006 Meadowridge Dr, Austin, TX 78704, USA,30.2505489,-97.7759154
100815,2010 Meadowridge Dr, Austin, TX 78704, USA,30.25071719999999,-97.7762869
100817,2012 Meadowridge Dr, Austin, TX 78704, USA,30.250838,-97.77653699999999
100818,2000 Bluebonnet Ln, Austin, TX 78704, USA,30.25177799999999,-97.775289
100819,2100 Bluebonnet Ln, Austin, TX 78704, USA,30.25093,-97.774839
100820,2002 Holland Ave, Austin, TX 78704, USA,30.2510642,-97.7749707
100821,2004 Holland Ave, Austin, TX 78704, USA,30.2511834,-97.77522549999999
100822,2006 Holland Ave, Austin, TX 78704, USA,30.25117329999999,-97.7753953
100823,2008 Holland Ave, Austin, TX 78704, USA,30.2513373,-97.77565
100824,2010 Holland Ave, Austin, TX 78704, USA,30.2514193,-97.7757774
100825,2012 Holland Ave, Austin, TX 78704, USA,30.2514963,-97.7759897
100826,2014 Holland Ave, Austin, TX 78704, USA,30.2516629,-97.776202
100827,2103 Ann Arbor Ave, Austin, TX 78704, USA,30.2517423,-97.77637179999999
100830,1417 S 1st St, Austin, TX 78704, USA,30.2500811,-97.7545514
100833,1413 S 1st St, Austin, TX 78704, USA,30.2504394,-97.7545514
100835,1209 S 1st St, Austin, TX 78704, USA,30.25161,-97.753956
100836,1207 S 1st St, Austin, TX 78704, USA,30.2517066,-97.75400599999999
100837,1311 S 1st St, Austin, TX 78704, USA,30.2507232,-97.7542967
100838,1102 S Congress Ave, Austin, TX 78704, USA,30.2530439,-97.7511677
100840,1215 Newton St, Austin, TX 78704, USA,30.2516813,-97.75022200000001
100841,1211 Newton St, Austin, TX 78704, USA,30.2518575,-97.7500841
100842,1209 Newton St, Austin, TX 78704, USA,30.2519626,-97.7500098
100843,1207 Newton St, Austin, TX 78704, USA,30.2520573,-97.7499249
100844,1205 Newton St, Austin, TX 78704, USA,30.2521941,-97.7498825
100845,1203 Newton St, Austin, TX 78704, USA,30.2523217,-97.74980819999999
100846,1201 Newton St, Austin, TX 78704, USA,30.2524256,-97.7497552
100847,115 Nellie St, Austin, TX 78704, USA,30.25238539999999,-97.7494899
100848,115 Nellie St, Austin, TX 78704, USA,30.25238539999999,-97.7494899
100849,115 Nellie St, Austin, TX 78704, USA,30.25238539999999,-97.7494899
100850,115 Nellie St, Austin, TX 78704, USA,30.25238539999999,-97.7494899
100851,1200 S Congress Ave, Austin, TX 78704, USA,30.2522713,-97.74896679999999
100852,1220 S Congress Ave, Austin, TX 78704, USA,30.251717,-97.7491
100854,1613 Bouldin Ave, Austin, TX 78704, USA,30.2497796,-97.758881
100855,1611 Bouldin Ave, Austin, TX 78704, USA,30.249919,-97.7587961
100856,1607 Bouldin Ave, Austin, TX 78704, USA,30.2501007,-97.75875359999999
100857,1607 Bouldin Ave, Austin, TX 78704, USA,30.2501007,-97.75875359999999
100858,1601 Bouldin Ave, Austin, TX 78704, USA,30.2504243,-97.7585838
100859,1600 S 3rd St, Austin, TX 78704, USA,30.2503076,-97.7582867
100860,1602 S 3rd St, Austin, TX 78704, USA,30.2501707,-97.7583291
100861,1604 S 3rd St, Austin, TX 78704, USA,30.249989,-97.75837159999999
100862,1606 S 3rd St, Austin, TX 78704, USA,30.2498546,-97.75837159999999
100863,1608 S 3rd St, Austin, TX 78704, USA,30.2497046,-97.7584459
100864,1509 Bouldin Ave, Austin, TX 78704, USA,30.2507429,-97.75849889999999
100865,1507 Bouldin Ave, Austin, TX 78704, USA,30.2508375,-97.758414
100867,1501 Bouldin Ave, Austin, TX 78704, USA,30.2511662,-97.7581593
100868,1506 S 3rd St, Austin, TX 78704, USA,30.2507276,-97.7581912
100869,800 W Monroe St, Austin, TX 78704, USA,30.2505907,-97.7582336
100870,1503 Bouldin Ave, Austin, TX 78704, USA,30.251069,-97.7582867
100871,1502 S 3rd St, Austin, TX 78704, USA,30.2509895,-97.75811689999999
100872,1411 Bouldin Ave, Austin, TX 78704, USA,30.2514822,-97.75811689999999
100873,1409 Bouldin Ave, Austin, TX 78704, USA,30.25160899999999,-97.75792899999999
100874,1401 Bouldin Ave, Austin, TX 78704, USA,30.25175,-97.7577561
100876,810 Jewell St, Austin, TX 78704, USA,30.25141,-97.757564
100877,805 W Elizabeth St, Austin, TX 78704, USA,30.2515992,-97.7570875
100878,801 W Elizabeth St, Austin, TX 78704, USA,30.2514681,-97.7568435
100879,1404 S 3rd St, Austin, TX 78704, USA,30.2513156,-97.7569602
100880,803 W Elizabeth St, Austin, TX 78704, USA,30.25145809999999,-97.7570133
100881,817 W Gibson St, Austin, TX 78704, USA,30.2526896,-97.7573953
100882,815 W Gibson St, Austin, TX 78704, USA,30.2526997,-97.75722549999999
100883,811 W Gibson St, Austin, TX 78704, USA,30.2526755,-97.75706629999999
100884,807 W Gibson St, Austin, TX 78704, USA,30.2524611,-97.75671609999999
100885,805 W Gibson St, Austin, TX 78704, USA,30.25238839999999,-97.75662059999999
100886,801 W Gibson St, Austin, TX 78704, USA,30.252327,-97.7563629
100887,1304 S 3rd St, Austin, TX 78704, USA,30.2520887,-97.75638719999999
100888,800 W Elizabeth St, Austin, TX 78704, USA,30.2518521,-97.7565994
100889,802 W Elizabeth St, Austin, TX 78704, USA,30.2518894,-97.7567267
100890,804 W Elizabeth St, Austin, TX 78704, USA,30.2519241,-97.7568965
100891,806 W Elizabeth St, Austin, TX 78704, USA,30.25199559999999,-97.7570133
100892,808 W Elizabeth St, Austin, TX 78704, USA,30.2520776,-97.7571406
100893,810 W Elizabeth St, Austin, TX 78704, USA,30.2521149,-97.7572679
100894,812 W Elizabeth St, Austin, TX 78704, USA,30.2521521,-97.7573953
100895,816 W Elizabeth St, Austin, TX 78704, USA,30.2522758,-97.7576764
100896,809 W Gibson St, Austin, TX 78704, USA,30.2525804,-97.75697079999999
100897,1203 Bouldin Ave, Austin, TX 78704, USA,30.2534246,-97.7568965
100898,1201 Bouldin Ave, Austin, TX 78704, USA,30.2535416,-97.75681159999999
100899,813 W James St, Austin, TX 78704, USA,30.2534541,-97.75658879999999
100900,811 W James St, Austin, TX 78704, USA,30.253372,-97.75646139999999
100901,809 W James St, Austin, TX 78704, USA,30.25333729999999,-97.75629169999999
100902,807 W James St, Austin, TX 78704, USA,30.253209,-97.7562219
100903,803 W James St, Austin, TX 78704, USA,30.2530867,-97.75617489999999
100905,1200 S 3rd St, Austin, TX 78704, USA,30.2531093,-97.7557929
100906,804 W Gibson St, Austin, TX 78704, USA,30.2527525,-97.75633409999999
100907,806 W Gibson St, Austin, TX 78704, USA,30.2528451,-97.7564721
100908,808 W Gibson St, Austin, TX 78704, USA,30.2528693,-97.7566312
100909,810 W Gibson St, Austin, TX 78704, USA,30.2529407,-97.756748
100910,812 W Gibson St, Austin, TX 78704, USA,30.2529792,-97.7568541
100911,814 W Gibson St, Austin, TX 78704, USA,30.2530731,-97.75697079999999
100912,816 W Gibson St, Austin, TX 78704, USA,30.2531551,-97.7570982
100913,802 W Gibson St, Austin, TX 78704, USA,30.2526798,-97.75623859999999
100914,1206 S 3rd St, Austin, TX 78704, USA,30.2527845,-97.75598389999999
100915,1206 S 3rd St, Austin, TX 78704, USA,30.2527845,-97.75598389999999
100916,800 W Gibson St, Austin, TX 78704, USA,30.2526307,-97.7561219
100918,815 Columbus St, Austin, TX 78704, USA,30.2544546,-97.75633409999999
100919,813 Columbus St, Austin, TX 78704, USA,30.2544224,-97.7561219
100921,809 Columbus St, Austin, TX 78704, USA,30.2542689,-97.7558778
100922,807 Columbus St, Austin, TX 78704, USA,30.2541315,-97.75573990000001
100923,805 Columbus St, Austin, TX 78704, USA,30.2541086,-97.75555949999999
100924,1100 S 3rd St, Austin, TX 78704, USA,30.2539805,-97.7554533
100925,1122 S 3rd St, Austin, TX 78704, USA,30.2538381,-97.7554003
100926,800 W James St, Austin, TX 78704, USA,30.253469,-97.75555
100927,804 W James St, Austin, TX 78704, USA,30.2535889,-97.75582469999999
100928,806 W James St, Austin, TX 78704, USA,30.2536237,-97.7559945
100929,808 W James St, Austin, TX 78704, USA,30.25370819999999,-97.75607939999999
100930,810 W James St, Austin, TX 78704, USA,30.2537548,-97.75623859999999
100931,812 W James St, Austin, TX 78704, USA,30.2538275,-97.75633409999999
100932,814 W James St, Austin, TX 78704, USA,30.2538622,-97.7565039
100933,816 W James St, Austin, TX 78704, USA,30.2539125,-97.7565994
100934,1609 S 3rd St, Austin, TX 78704, USA,30.2495768,-97.7579577
100936,1605 S 3rd St, Austin, TX 78704, USA,30.2498232,-97.7579577
100937,721 W Monroe St, Austin, TX 78704, USA,30.2501392,-97.7579153
100938,719 W Monroe St, Austin, TX 78704, USA,30.2501045,-97.7577455
100939,717 W Monroe St, Austin, TX 78704, USA,30.2500343,-97.75760749999999
100940,715 W Monroe St, Austin, TX 78704, USA,30.249997,-97.75748019999999
100941,711 W Monroe St, Austin, TX 78704, USA,30.2499623,-97.7573104
100942,709 W Monroe St, Austin, TX 78704, USA,30.2498803,-97.757183
100943,707 W Monroe St, Austin, TX 78704, USA,30.2498456,-97.7570133
100944,705 W Monroe St, Austin, TX 78704, USA,30.2498083,-97.7568859
100946,1604 S 2nd St, Austin, TX 78704, USA,30.2494668,-97.7567904
100947,1606 S 2nd St, Austin, TX 78704, USA,30.24935229999999,-97.75683289999999
100948,1608 S 2nd St, Austin, TX 78704, USA,30.249226,-97.7568859
100951,809 Jewell St, Austin, TX 78704, USA,30.2509674,-97.7577349
100953,807 Jewell St, Austin, TX 78704, USA,30.2509284,-97.7574483
100954,803 Jewell St, Austin, TX 78704, USA,30.2508607,-97.7572679
100955,801 Jewell St, Austin, TX 78704, USA,30.250826,-97.7570982
100956,711 Jewell St, Austin, TX 78704, USA,30.2507887,-97.75697079999999
100957,709 Jewell St, Austin, TX 78704, USA,30.2507092,-97.756801
100959,707 Jewell St, Austin, TX 78704, USA,30.2506297,-97.7566312
100960,705 Jewell St, Austin, TX 78704, USA,30.2505552,-97.7563766
100962,614 W Monroe St, Austin, TX 78704, USA,30.2501646,-97.7561643
100963,616 W Monroe St, Austin, TX 78704, USA,30.2501242,-97.7563631
100964,700 W Monroe St, Austin, TX 78704, USA,30.250245,-97.756506
100965,702 W Monroe St, Austin, TX 78704, USA,30.25021899999999,-97.75675860000001
100967,706 W Monroe St, Austin, TX 78704, USA,30.2503358,-97.7570557
100968,708 W Monroe St, Austin, TX 78704, USA,30.2503599,-97.7572149
100969,710 W Monroe St, Austin, TX 78704, USA,30.25037349999999,-97.75736339999999
100970,712 W Monroe St, Austin, TX 78704, USA,30.2504425,-97.7575226
100973,701 Jewell St, Austin, TX 78704, USA,30.2505205,-97.7562068
100975,707 W Elizabeth St, Austin, TX 78704, USA,30.2511873,-97.75629169999999
100976,705 W Elizabeth St, Austin, TX 78704, USA,30.25115259999999,-97.7561219
100977,703 W Elizabeth St, Austin, TX 78704, USA,30.251068,-97.75603699999999
100979,609 W Elizabeth St, Austin, TX 78704, USA,30.2508667,-97.75565499999999
100980,702 Jewell St, Austin, TX 78704, USA,30.2508234,-97.75619619999999
100981,706 Jewell St, Austin, TX 78704, USA,30.2508712,-97.75633409999999
100982,708 Jewell St, Austin, TX 78704, USA,30.2509482,-97.7565463
100983,716 Jewell St, Austin, TX 78704, USA,30.2509855,-97.7566737
100984,711 W Elizabeth St, Austin, TX 78704, USA,30.2513066,-97.7565463
100985,709 W Elizabeth St, Austin, TX 78704, USA,30.2513036,-97.7564084
100986,1404 S 1st St, Austin, TX 78704, USA,30.25052539999999,-97.75519820000001
100987,W Elizabeth St, Austin, TX 78704, USA,30.2506669,-97.7546771
100990,709 W Gibson St, Austin, TX 78704, USA,30.2521058,-97.7559096
100991,707 W Gibson St, Austin, TX 78704, USA,30.2520238,-97.75578229999999
100992,705 W Gibson St, Austin, TX 78704, USA,30.2519442,-97.75561250000001
100993,607 W Gibson St, Austin, TX 78704, USA,30.251546,-97.754964
100994,605 W Gibson St, Austin, TX 78704, USA,30.251491,-97.754615
100995,1302 S 1st St, Austin, TX 78704, USA,30.2512904,-97.7545514
100996,1308 S 1st St, Austin, TX 78704, USA,30.251278,-97.75474
100998,608 W Elizabeth St, Austin, TX 78704, USA,30.2512029,-97.7552729
100999,610 W Elizabeth St, Austin, TX 78704, USA,30.2512376,-97.75544269999999
101000,612 W Elizabeth St, Austin, TX 78704, USA,30.2513222,-97.7555276
101001,700 W Elizabeth St, Austin, TX 78704, USA,30.2513569,-97.7556974
101002,702 W Elizabeth St, Austin, TX 78704, USA,30.251452,-97.7557929
101003,704 W Elizabeth St, Austin, TX 78704, USA,30.2515117,-97.7559203
101004,706 W Elizabeth St, Austin, TX 78704, USA,30.2515582,-97.75607939999999
101005,708 W Elizabeth St, Austin, TX 78704, USA,30.251664,-97.756146
101006,710 W Elizabeth St, Austin, TX 78704, USA,30.2516669,-97.7563235
101007,701 W Gibson St, Austin, TX 78704, USA,30.251767,-97.75541400000002
101008,1205 S 3rd St, Austin, TX 78704, USA,30.25264529999999,-97.75568679999999
101009,1203 S 3rd St, Austin, TX 78704, USA,30.2527555,-97.7555276
101010,1201 S 3rd St, Austin, TX 78704, USA,30.2529241,-97.755517
101011,705 W James St, Austin, TX 78704, USA,30.25275,-97.75528500000001
101012,703 W James St, Austin, TX 78704, USA,30.252701,-97.75518799999999
101013,704 W James St, Austin, TX 78704, USA,30.252861,-97.754561
101014,706 W James St, Austin, TX 78704, USA,30.253264,-97.755127
101015,708 W James St, Austin, TX 78704, USA,30.253324,-97.75525599999999
101017,1107 S 3rd St, Austin, TX 78704, USA,30.2537132,-97.75505009999999
101018,1105 S 3rd St, Austin, TX 78704, USA,30.2538209,-97.7549334
101019,1103 S 3rd St, Austin, TX 78704, USA,30.2539671,-97.75492279999999
101020,1101 S 3rd St, Austin, TX 78704, USA,30.2540605,-97.75485909999999
101021,1005 S 3rd St, Austin, TX 78704, USA,30.2541986,-97.75479539999999
101026,1108 S 1st St, Austin, TX 78704, USA,30.2530213,-97.75388459999999
101027,1110 S 1st St, Austin, TX 78704, USA,30.252759,-97.7539571
101028,1112 S 1st St, Austin, TX 78704, USA,30.2525798,-97.7539571
101029,1114 S 1st St, Austin, TX 78704, USA,30.2524747,-97.7540314
101030,1200 S 1st St, Austin, TX 78704, USA,30.2524012,-97.7541375
101031,1202 S 1st St, Austin, TX 78704, USA,30.252531,-97.75475899999999
101032,W Gibson St, Austin, TX 78704, USA,30.2523895,-97.7560494
101033,608 W Gibson St, Austin, TX 78704, USA,30.252056,-97.754803
101035,700 W Gibson St, Austin, TX 78704, USA,30.2522052,-97.7551774
101036,704 W Gibson St, Austin, TX 78704, USA,30.2523599,-97.7554003
101038,710 W Gibson St, Austin, TX 78704, USA,30.2525046,-97.7557929
101041,1100 S 2nd St, Austin, TX 78704, USA,30.2536297,-97.7543816
101042,1104 S 2nd St, Austin, TX 78704, USA,30.2534878,-97.75450889999999
101044,702 W Gibson St, Austin, TX 78704, USA,30.2522449,-97.7552623
101045,W Gibson St, Austin, TX 78704, USA,30.2523895,-97.7560494
101046,1611 S 2nd St, Austin, TX 78704, USA,30.248993,-97.7564721
101047,1609 S 2nd St, Austin, TX 78704, USA,30.2491193,-97.756419
101048,1607 S 2nd St, Austin, TX 78704, USA,30.24926679999999,-97.75638719999999
101049,1605 S 2nd St, Austin, TX 78704, USA,30.2494273,-97.7563235
101050,613 W Monroe St, Austin, TX 78704, USA,30.2495155,-97.75618659999999
101051,1600 S 1st St, Austin, TX 78704, USA,30.2488722,-97.7556762
101053,1506 S 1st St, Austin, TX 78704, USA,30.2497222,-97.7553154
101054,1502 S 1st St, Austin, TX 78704, USA,30.250068,-97.7555276
101055,1500 S 1st St, Austin, TX 78704, USA,30.2501747,-97.75505009999999
101056,2011 Barton Pkwy, Austin, TX 78704, USA,30.25425169999999,-97.7808726
101057,2009 Barton Pkwy, Austin, TX 78704, USA,30.25448579999999,-97.7807028
101058,2007 Barton Pkwy, Austin, TX 78704, USA,30.25467,-97.7806179
101060,2004 Westridge Dr, Austin, TX 78704, USA,30.2544814,-97.78002339999999
101063,2006 Westridge Dr, Austin, TX 78704, USA,30.2543525,-97.78011889999999
101065,2008 Westridge Dr, Austin, TX 78704, USA,30.2542448,-97.78023569999999
101066,2010 Westridge Dr, Austin, TX 78704, USA,30.2540513,-97.78028880000001
101067,2012 Westridge Dr, Austin, TX 78704, USA,30.2539685,-97.7803631
101068,2004 Arthur Ln, Austin, TX 78704, USA,30.25388019999999,-97.7788345
101069,2006 Arthur Ln, Austin, TX 78704, USA,30.2536462,-97.7790043
101070,2008 Arthur Ln, Austin, TX 78704, USA,30.2534096,-97.7792166
101071,2316 Wilke Dr, Austin, TX 78704, USA,30.2537157,-97.77990659999999
101072,2011 Westridge Dr, Austin, TX 78704, USA,30.2538272,-97.7797262
101074,2009 Westridge Dr, Austin, TX 78704, USA,30.2539641,-97.77968369999999
101076,2007 Westridge Dr, Austin, TX 78704, USA,30.254101,-97.7796413
101077,2005 Westridge Dr, Austin, TX 78704, USA,30.254243,-97.7795139
101079,2305 Wilke Dr, Austin, TX 78704, USA,30.2528274,-97.7792166
101081,2100 Rabb Rd, Austin, TX 78704, USA,30.2527529,-97.77896190000001
101083,2102 Rabb Rd, Austin, TX 78704, USA,30.2525687,-97.77904679999999
101086,2302 Fortune Dr, Austin, TX 78704, USA,30.2525908,-97.7794289
101087,2304 Fortune Dr, Austin, TX 78704, USA,30.2527151,-97.7795988
101088,2306 Fortune Dr, Austin, TX 78704, USA,30.2528368,-97.77981109999999
101089,2308 Fortune Dr, Austin, TX 78704, USA,30.2529611,-97.7799809
101090,2310 Fortune Dr, Austin, TX 78704, USA,30.2530803,-97.78023569999999
101093,2313 Wilke Dr, Austin, TX 78704, USA,30.2532273,-97.78002339999999
101095,2311 Wilke Dr, Austin, TX 78704, USA,30.2531131,-97.77968369999999
101098,2007 Arthur Ln, Austin, TX 78704, USA,30.2534707,-97.7783781
101099,2005 Arthur Ln, Austin, TX 78704, USA,30.2535995,-97.77828249999999
101100,2006 Barton Pkwy, Austin, TX 78704, USA,30.2547791,-97.7810425
101101,2008 Barton Pkwy, Austin, TX 78704, USA,30.2545818,-97.78115919999999
101102,2502 Wilke Dr, Austin, TX 78704, USA,30.2546567,-97.7815945
101103,2504 Wilke Dr, Austin, TX 78704, USA,30.2547455,-97.78179620000002
101104,2506 Wilke Dr, Austin, TX 78704, USA,30.2548554,-97.7820191
101105,2005 Barton Hills Dr, Austin, TX 78704, USA,30.2552288,-97.78176429999999
101106,2601 Rockingham Dr, Austin, TX 78704, USA,30.2511611,-97.78388749999999
101107,2505 Rockingham Dr, Austin, TX 78704, USA,30.2512633,-97.7836751
101108,2503 Rockingham Dr, Austin, TX 78704, USA,30.2513232,-97.7834204
101109,2501 Rockingham Dr, Austin, TX 78704, USA,30.2512961,-97.78312310000001
101110,2701 Rock Terrace Dr, Austin, TX 78704, USA,30.2518424,-97.784482
101111,2605 Rock Terrace Dr, Austin, TX 78704, USA,30.2519023,-97.78422719999999
101112,2603 Rock Terrace Dr, Austin, TX 78704, USA,30.2520493,-97.7840149
101113,2601 Rock Terrace Dr, Austin, TX 78704, USA,30.25206189999999,-97.7838025
101114,2505 Rock Terrace Dr, Austin, TX 78704, USA,30.25210329999999,-97.7834841
101115,2503 Rock Terrace Dr, Austin, TX 78704, USA,30.2520998,-97.78316559999999
101116,2501 Rock Terrace Dr, Austin, TX 78704, USA,30.2520651,-97.7829957
101117,2500 Rockingham Dr, Austin, TX 78704, USA,30.2517043,-97.7830382
101118,2502 Rockingham Dr, Austin, TX 78704, USA,30.2517314,-97.7833354
101119,2504 Rockingham Dr, Austin, TX 78704, USA,30.2516689,-97.7836327
101120,2600 Rockingham Dr, Austin, TX 78704, USA,30.2516513,-97.78392989999999
101121,2602 Rockingham Dr, Austin, TX 78704, USA,30.2515465,-97.7841847
101122,2722 Barton Skyway, Austin, TX 78704, USA,30.25264439999999,-97.78492779999999
101123,2123 Barton Hills Dr, Austin, TX 78704, USA,30.2526697,-97.78450319999999
101124,2121 Barton Hills Dr, Austin, TX 78704, USA,30.2528006,-97.7841847
101125,2119 Barton Hills Dr, Austin, TX 78704, USA,30.2529104,-97.783845
101126,2117 Barton Hills Dr, Austin, TX 78704, USA,30.2530202,-97.78350530000002
101127,2505 Homedale Dr, Austin, TX 78704, USA,30.2529458,-97.78325050000001
101128,2503 Homedale Dr, Austin, TX 78704, USA,30.2528832,-97.78298509999999
101129,2501 Homedale Dr, Austin, TX 78704, USA,30.2528442,-97.7826985
101130,2500 Rock Terrace Dr, Austin, TX 78704, USA,30.2525362,-97.782794
101131,2502 Rock Terrace Dr, Austin, TX 78704, USA,30.2525528,-97.7830807
101132,2504 Rock Terrace Dr, Austin, TX 78704, USA,30.2525326,-97.7834204
101133,2600 Rock Terrace Dr, Austin, TX 78704, USA,30.2525149,-97.78371759999999
101134,2602 Rock Terrace Dr, Austin, TX 78704, USA,30.2524549,-97.7839724
101135,2604 Rock Terrace Dr, Austin, TX 78704, USA,30.25238989999999,-97.7843121
101136,2700 Rock Terrace Dr, Austin, TX 78704, USA,30.2522379,-97.7846093
101137,2704 Rock Terrace Dr, Austin, TX 78704, USA,30.252152,-97.784981
101138,2109 Barton Hills Dr, Austin, TX 78704, USA,30.2537456,-97.782794
101139,2503 Barhill Dr, Austin, TX 78704, USA,30.2537003,-97.78261359999999
101140,2108 Barton Pkwy, Austin, TX 78704, USA,30.2535295,-97.78228449999999
101141,2500 Homedale Dr, Austin, TX 78704, USA,30.2532127,-97.78252859999999
101142,2502 Homedale Dr, Austin, TX 78704, USA,30.2533032,-97.7828896
101143,2115 Barton Hills Dr, Austin, TX 78704, USA,30.2533645,-97.7831762
101144,2500 Barhill Dr, Austin, TX 78704, USA,30.2539173,-97.78197660000001
101145,2502 Barhill Dr, Austin, TX 78704, USA,30.2540136,-97.7822147
101146,2504 Barhill Dr, Austin, TX 78704, USA,30.2540687,-97.7824437
101147,2505 Wilke Dr, Austin, TX 78704, USA,30.2544844,-97.78223140000001
101148,2503 Wilke Dr, Austin, TX 78704, USA,30.2543652,-97.78197660000001
101149,2501 Wilke Dr, Austin, TX 78704, USA,30.2542883,-97.78176429999999
101150,2409 Arpdale St, Austin, TX 78704, USA,30.2504628,-97.78282589999999
101151,2407 Arpdale St, Austin, TX 78704, USA,30.2503909,-97.78252859999999
101152,2405 Arpdale St, Austin, TX 78704, USA,30.2503165,-97.78227389999999
101153,2403 Arpdale St, Austin, TX 78704, USA,30.250242,-97.7820191
101154,2401 Arpdale St, Austin, TX 78704, USA,30.2501228,-97.78176429999999
101155,2400 Arpdale St, Austin, TX 78704, USA,30.2504217,-97.78176599999999
101156,2402 Arpdale St, Austin, TX 78704, USA,30.2506925,-97.78197660000001
101157,2404 Arpdale St, Austin, TX 78704, USA,30.2507221,-97.78223140000001
101158,2406 Arpdale St, Austin, TX 78704, USA,30.2508388,-97.78252859999999
101159,2405 Rockingham Cir, Austin, TX 78704, USA,30.251143,-97.78249679999999
101160,2405 Rockingham Cir, Austin, TX 78704, USA,30.251143,-97.78249679999999
101161,2401 Rockingham Cir, Austin, TX 78704, USA,30.2509688,-97.78184929999999
101162,2400 Rockingham Cir, Austin, TX 78704, USA,30.25117239999999,-97.7816263
101163,2402 Rockingham Cir, Austin, TX 78704, USA,30.2514217,-97.78176429999999
101164,2404 Rockingham Cir, Austin, TX 78704, USA,30.2514987,-97.78197660000001
101165,2406 Rockingham Cir, Austin, TX 78704, USA,30.2515681,-97.78231629999999
101166,2405 Rock Terrace Cir, Austin, TX 78704, USA,30.2519314,-97.78223140000001
101167,2403 Rock Terrace Cir, Austin, TX 78704, USA,30.2518122,-97.78197660000001
101168,2401 Rock Terrace Cir, Austin, TX 78704, USA,30.2517403,-97.7816794
101169,2400 Rock Terrace Cir, Austin, TX 78704, USA,30.2518924,-97.7813822
101170,2402 Rock Terrace Cir, Austin, TX 78704, USA,30.2521535,-97.78150959999999
101171,2404 Rock Terrace Cir, Austin, TX 78704, USA,30.2522702,-97.7818068
101172,2406 Rock Terrace Cir, Austin, TX 78704, USA,30.2522898,-97.78223140000001
